Id,SalePrice
<<<<<<< HEAD
1461,114020.2512321769
1462,157698.34178175963
1463,164552.51188415996
1464,193258.85426221878
1465,184999.74249703536
1466,169967.56996415768
1467,188249.56574870495
1468,165950.06267778677
1469,189948.18518043807
1470,117046.98832672909
1471,188587.64292597014
1472,105958.26639737318
1473,98389.41576553506
1474,148453.90632773802
1475,119202.66717678991
1476,341800.94891250465
1477,236747.69253275872
1478,289467.38732240984
1479,278344.46257570665
1480,461273.5796498113
1481,300859.97075784445
1482,202632.7720216715
1483,172794.10012862756
1484,166402.04390166615
1485,198699.8477587378
1486,199541.63746227438
1487,308041.2240499888
1488,231108.2543318559
1489,181619.76131938852
1490,225082.99944762475
1491,198245.17592176242
1492,89162.44100476205
1493,200402.9990537135
1494,291018.68229813874
1495,272533.03504203743
1496,221546.1288952087
1497,170465.44204851965
1498,164340.400264683
1499,162657.89677069997
1500,159642.92549166686
1501,166063.97217395253
1502,155301.0031052192
1503,286390.43163961644
1504,244990.3454468052
1505,223137.55525945255
1506,197519.92757939803
1507,238786.06303335185
1508,194984.19353174022
1509,155261.39864796304
1510,135485.52160937717
1511,147894.15755853473
1512,174141.99989066384
1513,153959.90942956693
1514,142278.35839763944
1515,184728.86662770362
1516,151110.24917709443
1517,159745.73570798844
1518,132415.178056782
1519,205523.64844252937
1520,126462.14925267562
1521,119704.7513922783
1522,180944.52700968587
1523,102444.7706782857
1524,120280.19946082679
1525,109227.72842453662
1526,100209.51648949005
1527,102009.51671664584
1528,148323.18158068813
1529,136558.37035028028
1530,197377.91187913774
1531,119664.50238430582
1532,106505.83610342728
1533,158651.46442975575
1534,132008.32423016848
1535,146557.6808397008
1536,113960.44680270318
1537,59370.78937724352
1538,136912.06063090058
1539,198626.2304007193
1540,87611.80208851557
1541,134709.43216186942
1542,132418.8008185768
1543,163035.97422326318
1544,90753.86836154094
1545,108895.73422178449
1546,140284.09522744786
1547,130607.06163254114
1548,128481.0366148364
1549,114644.86801467904
1550,127286.46602310629
1551,123558.06122693545
1552,128213.91588827237
1553,133845.3088891196
1554,120698.99129224863
1555,153559.97321996698
1556,85554.37531822405
1557,88365.42930006355
1558,107150.6281650151
1559,73767.26525299557
1560,133805.44147499002
1561,116444.16284176004
1562,137415.30416005995
1563,117533.73667060099
1564,154808.7441951784
1565,133552.82544560742
1566,229231.33435417066
1567,80055.263871197
1568,231873.07558208468
1569,120596.89011182297
1570,149095.60058483147
1571,115323.31527223767
1572,140848.58526287912
1573,224559.87247023507
1574,113452.31226560684
1575,219108.90025113832
1576,254862.5964463312
1577,180563.2197590407
1578,139738.27491048074
1579,129339.63473571629
1580,196877.0897701748
1581,160350.55021287105
1582,128209.46056044997
1583,295883.47741051164
1584,219039.53668385887
1585,144929.6732828649
1586,70731.82413374509
1587,103045.7506053974
1588,145978.84567884787
1589,92657.98556610437
1590,138668.36971345783
1591,89874.6144300499
1592,117490.05776591167
1593,134817.68742154117
1594,127904.54354388334
1595,101553.6947673414
1596,198993.85475606582
1597,159021.45221942416
1598,198484.80346331667
1599,176764.47551747767
1600,175362.08398671448
1601,68249.83228775638
1602,117864.36150525419
1603,77296.87145924014
1604,255790.76968519352
1605,249689.89015989695
1606,168818.89492835797
1607,182159.95148859822
1608,227773.12963724948
1609,182787.59205022885
1610,148884.05714769702
1611,132192.11552050753
1612,169883.95982193315
1613,168196.3047027557
1614,140034.48837422187
1615,98727.82240461385
1616,82307.32447840071
1617,96737.79845394049
1618,120879.48671701828
1619,146452.74298390435
1620,152840.58522369456
1621,129504.17873567592
1622,153950.10893479167
1623,267349.84167983895
1624,206618.7118855299
1625,114987.77547006683
1626,174088.9675386393
1627,185071.81734792268
1628,280560.1438371199
1629,170798.2210076732
1630,309509.9571102283
1631,216000.56689026023
1632,217594.6038636
1633,178048.03087558164
1634,185043.01712704982
1635,185449.3033533149
1636,160290.97859694852
1637,195516.20717755082
1638,193620.0067230506
1639,179558.97883144108
1640,260960.38772632263
1641,176553.41716647975
1642,237924.81228194904
1643,224180.14386179196
1644,228667.62452133116
1645,243496.717282589
1646,167524.37861742853
1647,164073.8750667534
1648,131075.62932574598
1649,149052.19464252863
1650,110244.8629557845
1651,120190.56621234892
1652,110820.43035742945
1653,111402.32268770468
1654,141957.32673152265
1655,147395.11569454195
1656,141112.94885526857
1657,144970.00360402718
1658,144302.4251780024
1659,123065.5153305057
1660,148751.16261590554
1661,445461.135030864
1662,357391.1677145011
1663,354709.40192264575
1664,486324.77462911763
1665,293912.41379946587
1666,304776.60770570685
1667,351859.12406734785
1668,336551.8270660697
1669,296197.54873181647
1670,331907.3576623542
1671,254148.34357094896
1672,411350.9895877387
1673,289930.9325932578
1674,242329.16364709075
1675,185119.27965318755
1676,189098.72085721183
1677,201653.68169432838
1678,419971.2038030919
1679,348788.46958637313
1680,294846.1815453171
1681,231124.63360722343
1682,289405.6085579123
1683,177808.8998432909
1684,189572.62610935053
1685,184644.24631753008
1686,174835.78940599537
1687,182004.4713464656
1688,197182.4206176257
1689,204071.69859647946
1690,214393.81097182952
1691,202717.3833914983
1692,275887.95057563204
1693,180224.16564122032
1694,185099.8938802052
1695,167736.05061412742
1696,277058.8094245749
1697,173946.56587230918
1698,328367.5547585018
1699,342114.22515065264
1700,239233.2494026556
1701,266121.01510787196
1702,246512.48598776144
1703,251534.32994650485
1704,276890.4668047438
1705,249158.91857600116
1706,378044.1934158557
1707,205745.2763974624
1708,199905.41536146947
1709,273994.3607472847
1710,219897.15167165597
1711,274008.25911789056
1712,254945.38594399355
1713,263886.9090535693
1714,216811.60803747948
1715,206991.04879375867
1716,179577.9341519872
1717,182934.10198466125
1718,133660.93199049807
1719,203441.98531767473
1720,256842.36406269754
1721,172874.02127746664
1722,126750.33782555278
1723,161151.15472154398
1724,206008.76542100252
1725,234559.5770219094
1726,188129.7341481897
1727,146611.9300819898
1728,195012.32085641625
1729,161372.39433001523
1730,167953.89638543432
1731,129788.7858394466
1732,132723.74380226305
1733,111582.49612398772
1734,121447.52952762855
1735,147034.43002914585
1736,116812.50962242438
1737,310402.3674137797
1738,231647.50598707693
1739,258850.39309623901
1740,208063.11051943732
1741,185947.52051378245
1742,160803.57387254486
1743,177493.9010839976
1744,298603.50194119674
1745,199634.8937107764
1746,191643.11152967
1747,214892.43579150422
1748,227319.92583241203
1749,152757.3236653426
1750,126549.4217463541
1751,268124.0002311918
1752,116579.32753805473
1753,145177.74237028667
1754,196068.21822750266
1755,168320.54448468165
1756,133966.84293296395
1757,118184.51798826337
1758,147552.42476404307
1759,157937.86585232744
1760,163470.20654692728
1761,140232.21246579976
1762,171494.59342654177
1763,179992.48603329627
1764,109094.18130657804
1765,162711.47171408247
1766,190840.77357008285
1767,235112.4031069621
1768,138033.38865648952
1769,180936.57849639514
1770,165064.02562663626
1771,107594.58675531515
1772,130528.75398537285
1773,123931.11475436387
1774,137779.88590989448
1775,144823.16466992375
1776,125804.56442647589
1777,109318.36667813841
1778,140750.0422616618
1779,121051.85314074621
1780,187308.88785805053
1781,122219.89693748805
1782,88862.71604878489
1783,143964.6495296689
1784,104020.22283898777
1785,114328.37819357231
1786,133107.22130883404
1787,173894.2874878535
1788,70927.7640255413
1789,94700.61364626182
1790,74797.16739653997
1791,198666.8545254737
1792,156760.39132921954
1793,134967.68706211736
1794,158330.01678260445
1795,126287.9428554829
1796,139804.29869847564
1797,117988.4237029093
1798,116375.37334049401
1799,105150.17333959269
1800,125257.83347433893
1801,120805.85924586911
1802,137021.13856143953
1803,146547.84490882084
1804,138490.3742685945
1805,142939.70835889544
1806,130744.96510275679
1807,134587.9303950353
1808,122658.53579710895
1809,116975.57667396532
1810,135696.93668585285
1811,98191.83328695671
1812,91356.93541198333
1813,118677.87841005012
1814,97511.41995579629
1815,58980.95928409
1816,111499.09848279432
1817,105309.802215169
1818,146058.2907182178
1819,129347.34426806442
1820,76680.28231798491
1821,125051.60563032876
1822,153985.18437072585
1823,57364.58008340812
1824,125069.54055733621
1825,133553.9399102227
1826,104657.59597067922
1827,94492.58288707754
1828,129762.74882607223
1829,132898.85078011383
1830,139579.04648423614
1831,133933.94833667087
1832,75356.21051258928
1833,149834.92058147886
1834,135029.4688703467
1835,109045.37086191465
1836,119823.30845529436
1837,82619.50715439819
1838,118083.12206512869
1839,119296.1784293127
1840,133026.7248297104
1841,123931.48410139803
1842,92214.9072667448
1843,119905.52776853128
1844,143109.16790012966
1845,133417.30427526103
1846,154575.04360128834
1847,157708.67229506848
1848,58437.450215750854
1849,116568.1058808179
1850,114222.48808031194
1851,146357.44978888935
1852,128390.58770644997
1853,123345.62534328391
1854,167932.56452950402
1855,143625.55854891174
1856,224628.7883590156
1857,132390.77632670244
1858,138468.60000495537
1859,122517.4108828441
1860,145568.4890711441
1861,122579.41890377164
1862,357740.65249941166
1863,355303.49254903616
1864,355303.49254903616
1865,324725.1677829443
1866,330559.43826710846
1867,235180.95484341957
1868,293857.06022195885
1869,211969.64383599677
1870,230386.77795281165
1871,251263.22868830748
1872,181556.89804003114
1873,227153.74922096662
1874,148105.59218306336
1875,194835.5464343578
1876,190882.76352096983
1877,207082.07158439074
1878,204228.3052269096
1879,120619.53504996489
1880,132986.58600368205
1881,241866.3004066667
1882,251298.1114131057
1883,183586.81915776466
1884,198692.71810359645
1885,227877.10782772247
1886,277306.86236937926
1887,220397.9872677096
1888,280006.7827037022
1889,169356.01578095625
1890,114833.89274059433
1891,143108.3660794881
1892,97420.55961223108
1893,120036.29595647239
1894,121120.21587508747
1895,123551.75720973332
1896,121125.81102927806
1897,111730.39688838754
1898,121220.34682345395
1899,152620.92637800195
1900,144883.80988685257
1901,147163.5101829056
1902,119063.36803698445
1903,207833.78282452124
1904,123055.78172467319
1905,189540.69650019603
1906,138518.97985901666
1907,191730.8707523108
1908,117732.14888175065
1909,144325.8222145306
1910,130184.68633952156
1911,188672.55224733317
1912,277207.77317271754
1913,146295.3244659006
1914,75799.90670390765
1915,271892.7722058934
1916,30999.047188632743
1917,242976.41007805677
1918,144288.2941732661
1919,183307.87240953423
1920,149456.76343445122
1921,360100.5708116045
1922,300079.13749463035
1923,228648.1076064864
1924,222546.9097636752
1925,197582.18210990654
1926,353840.5220262176
1927,133971.53027200326
1928,161053.71802411787
1929,122411.83793104402
1930,127412.01562636817
1931,144262.2117842635
1932,139120.64939309185
1933,168050.41909772024
1934,174708.4068087247
1935,168532.83068342626
1936,180549.89631749055
1937,179537.54278573644
1938,175404.88155628167
1939,222167.4333581188
1940,182490.018366314
1941,168670.47869564797
1942,188639.09889877943
1943,202615.30811062962
1944,324492.48569735704
1945,339984.40768717614
1946,82422.09100691033
1947,245826.55739851034
1948,168131.7037916722
1949,249915.52504041596
1950,197622.75761130548
1951,252533.69762012656
1952,212693.00906614083
1953,181030.83992530778
1954,181990.8679970385
1955,129119.72131460613
1956,368796.15084291605
1957,150681.3723788555
1958,314581.0895508712
1959,140553.07088830307
1960,109297.83687279513
1961,121462.2253765064
1962,106620.6498526056
1963,115129.09298088655
1964,108004.63710912982
1965,147114.5898381119
1966,145852.70848860947
1967,276352.9911661994
1968,390256.9994244163
1969,346717.48307104135
1970,358087.7043384243
1971,488433.0828950486
1972,356334.0558069861
1973,282855.43127314124
1974,319540.8266090802
1975,641183.8852188796
1976,265548.4704725254
1977,330118.6821160059
1978,322568.74012009596
1979,305166.1390857059
1980,183155.8228943686
1981,308686.23210477526
1982,210184.90413919208
1983,196129.72295133662
1984,170914.8266812299
1985,222947.5512522109
1986,216146.08708433478
1987,189708.03077821323
1988,182895.33224553254
1989,203429.08350651953
1990,220224.03271859043
1991,217909.1388953648
1992,215701.55322044066
1993,187499.58588135624
1994,228747.34497109195
1995,184176.30499670602
1996,244818.9560382159
1997,301879.3572582951
1998,283638.8989217097
1999,270979.58647453255
2000,315299.6614332741
2001,300683.3316273103
2002,248017.60577043338
2003,259965.307822647
2004,292630.4034707919
2005,228600.6715492606
2006,219044.60240578672
2007,257719.536610513
2008,219153.33476644827
2009,195306.6572301172
2010,201941.62321701675
2011,144931.06409468723
2012,180400.20973457387
2013,174917.5202287054
2014,189338.74720244316
2015,194385.98613423994
2016,192265.2725780567
2017,199212.25282249687
2018,119769.10514877913
2019,141010.9093015877
2020,102789.90777189331
2021,97413.5162458015
2022,182510.30568137416
2023,139633.18442236347
2024,294997.0072725938
2025,365330.5404245313
2026,177616.10485638535
2027,161349.58061445918
2028,148288.64455698043
2029,169082.36418262968
2030,260917.84960659096
2031,232841.03793408547
2032,243263.4649798966
2033,246270.53188414132
2034,179061.58031853463
2035,211878.80908247523
2036,214771.14652969688
2037,218607.50189200963
2038,335307.4974266575
2039,205882.8690570392
2040,299929.09216732025
2041,293219.37280012324
2042,203172.76912302445
2043,184403.14759730472
2044,177288.39658199198
2045,213764.76010171665
2046,145413.90182424596
2047,139824.39944828922
2048,149659.14721759103
2049,145268.78660336108
2050,175816.80029222104
2051,115566.15615577945
2052,120919.38759893263
2053,154067.6458595402
2054,102381.50511078122
2055,142810.47687271633
2056,157365.03643603064
2057,114709.07235858368
2058,204375.77365672658
2059,130691.79602865758
2060,176462.17075611377
2061,178108.84055206736
2062,119472.83137449966
2063,118739.86826442608
2064,124339.7078556374
2065,113531.0938683975
2066,160800.96685541293
2067,118652.69830955098
2068,143574.8190318016
2069,83702.3675827408
2070,111477.97309266948
2071,96925.30840868155
2072,140023.27911675212
2073,137823.31160898617
2074,192803.56573039966
2075,141611.6526332769
2076,114619.40949562284
2077,150587.6540029361
2078,119503.4706846756
2079,142798.90922426103
2080,123364.8965238689
2081,124066.82041480108
2082,108872.85672738162
2083,135714.57825627955
2084,110398.74209063593
2085,118216.1938809205
2086,115484.46178690915
2087,127897.68233987785
2088,94813.08241380384
2089,91046.32780414486
2090,129091.27161737964
2091,98991.96841800108
2092,123921.74848148422
2093,110198.5656764048
2094,116069.86527028421
2095,145421.69402882297
2096,88657.54232876097
2097,101666.2545490663
2098,139005.9147623088
2099,59168.39178605232
2100,71224.8210786801
2101,106722.57788063986
2102,142873.38757310514
2103,100596.78246149229
2104,139508.3060558921
2105,124620.3039144375
2106,58910.432869623946
2107,191871.8311405376
2108,116587.9095342469
2109,105682.49241128284
2110,112046.48678425448
2111,158744.2590739583
2112,122567.06446770101
2113,121376.44266027639
2114,127231.10110764041
2115,156248.8841759515
2116,112765.09598349204
2117,134925.35412707826
2118,125647.15497647748
2119,119641.80854037248
2120,129517.47172557672
2121,-1.0
2122,111976.97128792354
2123,88051.84438648562
2124,153697.80520218
2125,132991.10428679443
2126,143439.36187659163
2127,153360.44971534034
2128,129209.63646517922
2129,89897.33099770204
2130,121123.84728120868
2131,148431.5564417516
2132,111314.12986940716
2133,126548.59956279509
2134,130163.79122097016
2135,108118.35986844994
2136,66570.85698955783
2137,100351.7930047083
2138,139169.54106993208
2139,157876.3862918048
2140,139711.37447524976
2141,176304.4288603226
2142,124495.91717681328
2143,146020.11201684384
2144,115909.13855871116
2145,145587.68301475554
2146,164900.52938582154
2147,137345.44748706376
2148,142988.6893075138
2149,162539.774270032
2150,222547.55974419063
2151,126864.84729164753
2152,162401.66008643588
2153,183075.39320549613
2154,100265.77415819948
2155,137347.38769800038
2156,261897.0931471821
2157,234747.62556020758
2158,235743.2967743222
2159,219337.71273602918
2160,189867.09273525397
2161,253623.55195316355
2162,371918.54170943476
2163,369822.6204017187
2164,255842.71936818067
2165,196976.70862498652
2166,157132.2065592508
2167,213680.21194079268
2168,193716.0146142731
2169,190189.82256333696
2170,207179.0864835429
2171,164885.1282233433
2172,131187.39964828565
2173,170916.6909814133
2174,219243.77285164324
2175,291392.2104130744
2176,292786.18624381506
2177,231559.19735352977
2178,216960.7136110395
2179,141378.48278562695
2180,190478.98065626362
2181,192672.63533978388
2182,221982.76723134975
2183,193456.39398091764
2184,115987.48298348907
2185,132307.4876185371
2186,153800.57282199193
2187,170396.57731089575
2188,162329.70558176033
2189,306223.33204284305
2190,73600.16914187046
2191,77945.76933964873
2192,85813.65360432332
2193,106348.73003887484
2194,110457.8888409104
2195,104441.91654026875
2196,103229.42672530383
2197,117276.4781603744
2198,164570.58930418245
2199,196838.9552059488
2200,131692.1275691459
2201,130594.0693689474
2202,203742.99685775914
2203,121645.0294976926
2204,148585.45480210404
2205,103598.15075520694
2206,123513.5054992136
2207,192561.56879168944
2208,240443.23503101035
2209,187655.53223091867
2210,124496.68892103575
2211,117888.6013618259
2212,131454.39199812166
2213,111801.18538410177
2214,139012.81671997797
2215,104748.84979074406
2216,143357.0603215678
2217,69520.36442944038
2218,97575.32270026371
2219,89012.31442722054
2220,77974.9376718826
2221,274136.5951185774
2222,247856.65570058775
2223,292834.0944652077
2224,222747.6183984051
2225,119734.62944404679
2226,177421.01257801242
2227,206740.2029966053
2228,268933.14721949614
2229,249888.0579834809
2230,146198.72199416114
2231,213536.41552676284
2232,186803.86094035234
2233,176241.61950593282
2234,255408.6153053368
2235,222052.37458893645
2236,261695.57874637275
2237,317842.0586097403
2238,202299.14097032684
2239,116965.16045088535
2240,157350.35781707356
2241,150826.7879992743
2242,127306.19355458641
2243,136205.3096161196
2244,112941.22608473887
2245,106870.61064465377
2246,138574.0281846542
2247,130805.18040571157
2248,124515.17510891575
2249,125824.63226970242
2250,131804.8792470452
2251,95439.73814088154
2252,174808.04025969942
2253,154686.89848345364
2254,176533.6236415867
2255,185358.45315065843
2256,176994.1945052912
2257,208388.8324703022
2258,172951.49495951453
2259,178350.24593455053
2260,129522.17323152864
2261,188495.99681103937
2262,187564.43970033125
2263,357240.8268804371
2264,513812.2893613102
2265,155557.3200833333
2266,256164.48719657012
2267,305794.53704049997
2268,402724.37253821816
2269,161294.61781096543
2270,202275.4965592013
2271,216070.1014420253
2272,239817.50205899938
2273,168441.54273793317
2274,177454.34866426612
2275,160381.7591308674
2276,203363.0836580759
2277,187374.971256251
2278,146545.9144883379
2279,124044.04584880797
2280,113806.91457675386
2281,166457.8839103445
2282,178017.21469968662
2283,117940.65309204515
2284,122096.74894595348
2285,140427.7967241937
2286,122961.05315976642
2287,348105.4981188389
2288,264643.84704105987
2289,327459.0155896061
2290,408860.56624532014
2291,314930.34358887566
2292,423471.58281239006
2293,442970.0972947945
2294,364254.0484661241
2295,472490.8663398481
2296,250301.4700921836
2297,329937.4900853546
2298,324720.59999073157
2299,354181.1091817336
2300,304857.69406707835
2301,310851.6862781918
2302,243065.045161185
2303,246669.62264043742
2304,239668.78744303322
2305,191616.8178656889
2306,186335.93312145225
2307,198764.22757302094
2308,215791.0299031734
2309,265915.45816611446
2310,203615.43886606797
2311,201279.09202133672
2312,184223.4827428012
2313,179932.2773281123
2314,184020.3871464517
2315,187358.49847502503
2316,210543.59996258604
2317,189992.32289344748
2318,185049.80038336432
2319,190569.36453284015
2320,191845.31170218633
2321,240580.2984449014
2322,197348.3964540588
2323,187706.7674442531
2324,200013.34990681757
2325,222620.86053944292
2326,186220.083441162
2327,207151.63670753993
2328,228961.34247644298
2329,193045.14188363086
2330,185163.85145930067
2331,339056.4381625311
2332,382545.34132352914
2333,317757.8974630302
2334,241069.9540581198
2335,275550.1293046904
2336,281810.5560293775
2337,198549.030760902
2338,266896.76964335615
2339,225674.88755369565
2340,385955.60131679423
2341,221527.94602878953
2342,240947.28882492118
2343,230338.98118713216
2344,218114.5701756399
2345,230396.87132742658
2346,214367.14301083385
2347,194588.84174788967
2348,242925.65392941592
2349,173181.70890578665
2350,314526.00524737913
2351,244456.60315669113
2352,254281.80642540313
2353,239925.90590923614
2354,136711.05635535828
2355,143889.45652052652
2356,157145.8906896152
2357,197883.8884589937
2358,195253.58037301214
2359,129535.83867580291
2360,122127.92285554745
2361,142740.5575343767
2362,262225.2093751816
2363,146093.98890975662
2364,170272.54067500448
2365,227937.66707576948
2366,206099.72479832123
2367,229497.77336148114
2368,209772.09717291617
2369,213594.28404441112
2370,171534.4022568982
2371,157607.43613451018
2372,197117.78944950024
2373,309214.1326450258
2374,308671.0715421974
2375,230635.86322735017
2376,279440.50492806133
2377,334206.0862366567
2378,158107.4068048352
2379,204622.86026637722
2380,166724.18738122963
2381,176606.01074464628
2382,228795.67061490577
2383,203928.02314565287
2384,248482.03599786275
2385,175512.42332898013
2386,136364.9971886627
2387,130260.90861947191
2388,112994.87845421207
2389,117878.08978583728
2390,146009.78128446237
2391,139295.79334170758
2392,113199.39888800071
2393,179540.17533247886
2394,134015.00177428153
2395,208334.90745817058
2396,149616.22821599047
2397,217071.6461575456
2398,131368.61505664143
2399,67057.57573705447
2400,70636.42131625694
2401,123474.77252848925
2402,138602.25450625253
2403,142077.50372159408
2404,156750.1509607869
2405,164809.20491398376
2406,145331.06504941682
2407,130307.5333072816
2408,160713.66578090933
2409,119031.69927843827
2410,183271.12082759364
2411,111450.82629901158
2412,145656.79175092973
2413,122047.489580979
2414,141172.1666354054
2415,132636.18198224323
2416,122774.57359161666
2417,133514.04786946942
2418,128829.89284386902
2419,122226.08928752536
2420,120635.87799086173
2421,107521.55882558654
2422,103250.453711635
2423,111653.69005000203
2424,158869.19655412817
2425,188913.9293574317
2426,121245.63820506704
2427,115396.55892963112
2428,177232.1559181319
2429,116187.90408869956
2430,134465.21576612038
2431,107726.27248444833
2432,140403.69259251756
2433,137355.64822767244
2434,128038.53272298747
2435,141520.23483099695
2436,120141.245198596
2437,108207.00046027108
2438,126064.55407440008
2439,110693.86257925851
2440,124193.66540763476
2441,102824.0214134913
2442,100705.84455070917
2443,138681.15678168132
2444,134548.7640567188
2445,96537.61721930976
2446,135883.99251455037
2447,192443.98202228552
2448,134682.27155022294
2449,119219.94090746247
2450,147660.92296494477
2451,119618.83380394231
2452,179054.06671128678
2453,101705.42684340241
2454,121547.0616837036
2455,116604.31784567161
2456,138195.5736567659
2457,129087.7014192168
2458,131451.32057604173
2459,110307.25410647698
2460,148710.6667802351
2461,129761.52677732633
2462,131335.99832971414
2463,129573.82382955945
2464,166767.62033016048
2465,138080.9105937533
2466,119670.80065329555
2467,153955.18345766477
2468,84270.2046757976
2469,75869.99653180764
2470,199468.0649048677
2471,211315.30772062592
2472,144757.21247356804
2473,106211.93506774736
2474,72590.73344369349
2475,224948.15487036871
2476,108770.07443850623
2477,118644.52299906668
2478,146742.11749263215
2479,100388.45428622613
2480,148275.99684285474
2481,124463.58242564935
2482,133556.90124710082
2483,108450.72488222434
2484,123852.06289508211
2485,130637.71417202154
2486,138975.48560691503
2487,172649.31019547366
2488,180690.43385185034
2489,150801.94158450907
2490,145653.23222323981
2491,106297.37169125288
2492,196733.9180261772
2493,156466.56451902632
2494,139615.16662342785
2495,85981.77263215191
2496,240408.01055528276
2497,155028.47471593894
2498,107401.2744761693
2499,88127.7841233089
2500,118018.46426372291
2501,143076.59542018423
2502,138768.28404212373
2503,93748.42663341806
2504,142854.15127587668
2505,220561.85095366597
2506,264344.49857912003
2507,295555.5926870022
2508,267046.0794092933
2509,222551.4198716714
2510,224132.56598368136
2511,178403.18336080245
2512,200085.65667325273
2513,234348.3369156966
2514,294000.68578241696
2515,142995.49922653122
2516,180821.6714517972
2517,141910.17931616312
2518,154751.02846846473
2519,217360.89857969267
2520,214825.39298519495
2521,190178.0672287335
2522,224975.6563890278
2523,120606.35014667074
2524,134883.57313174414
2525,143153.76984965592
2526,134461.52098900013
2527,119641.65878385706
2528,129198.06154786714
2529,133649.49205193226
2530,126839.04907472589
2531,242959.3212320078
2532,224973.95336945535
2533,198331.4188943973
2534,230695.76680774058
2535,284291.0624506638
2536,233840.87371466824
2537,227265.55866069018
2538,189469.99822615643
2539,196358.86972506036
2540,183857.82860265343
2541,188333.8064760333
2542,161904.50518487647
2543,114398.05105237725
2544,113721.352801235
2545,131042.35112539609
2546,128383.08059291785
2547,149560.1452536241
2548,165686.6745551583
2549,155846.63406789515
2550,1111267.0207998282
2551,147366.58317487547
2552,135171.71143717231
2553,77664.72561482961
2554,87483.99499333008
2555,121938.09869538496
2556,100322.38033536497
2557,104394.22931237254
2558,135019.3523563159
2559,118289.97045016053
2560,141935.24425881708
2561,143331.8980756293
2562,120579.42406434454
2563,127730.80931714574
2564,187907.86089345216
2565,131432.80737577885
2566,131301.1357310495
2567,121897.67275373459
2568,178279.24791117714
2569,212848.251593347
2570,124409.19322601099
2571,166486.431154002
2572,158878.230620133
2573,199720.80080628506
2574,324392.54515451234
2575,141093.35247703016
2576,118084.76905335727
2577,120519.00243527355
2578,98191.09584335849
2579,63043.16931085032
2580,103612.1257013753
2581,118590.36518969122
2582,134100.77214545282
2583,258493.7412868828
2584,184412.43551663726
2585,189064.54960088097
2586,216205.08808834004
2587,202494.7443402061
2588,143859.86192639187
2589,159081.9648471642
2590,215161.8935813293
2591,241049.62285326063
2592,213833.37098107807
2593,248755.25176339416
2594,194529.40872669668
2595,214073.0062541784
2596,302852.2271151277
2597,190822.16488557827
2598,296934.1566986055
2599,341677.8164100181
2600,98564.26930980933
2601,146727.69510519362
2602,93472.15516541504
2603,102147.66948807091
2604,94552.06132966134
2605,93278.75931378498
2606,145043.9457405796
2607,235230.23305350548
2608,192340.1665585465
2609,182878.8499642313
2610,109272.53012220013
2611,102348.09342246491
2612,162191.28652637618
2613,138605.038625256
2614,123402.77121591795
2615,167422.14048012203
2616,154652.64953993968
2617,175865.78856768046
2618,192896.6392979539
2619,195899.47742140357
2620,188437.53739487997
2621,174974.267485701
2622,180682.88420541552
2623,234365.60238157332
2624,316088.18253403454
2625,278072.1602617771
2626,186536.94779121093
2627,161897.55710347812
2628,409608.48390801594
2629,486108.577626936
2630,343930.8913354083
2631,472575.05217857665
2632,392302.95489128836
2633,265478.06111726654
2634,400774.60531498725
2635,164654.8427314845
2636,184270.71650745842
2637,186469.53721997899
2638,270944.6041470935
2639,182593.09912510024
2640,156940.3796265547
2641,106019.74195456467
2642,180754.4192676995
2643,113718.73637648315
2644,126556.87444281348
2645,123369.48499379291
2646,106534.7501953734
2647,116931.3942827899
2648,147380.73454392503
2649,157154.7799247044
2650,143464.0042625268
2651,146172.79088699614
2652,391465.21439796925
2653,244940.36577006153
2654,241072.09504096568
2655,377432.48299638473
2656,325073.4768610185
2657,334217.4011555563
2658,288589.9736114022
2659,300269.3814199021
2660,356785.3350177753
2661,327929.01751552447
2662,336521.97894351213
2663,285938.8529148088
2664,260454.408457432
2665,297504.49615497346
2666,266476.8018820907
2667,186675.98118019316
2668,193771.22598088926
2669,187177.91779856005
2670,288954.201293365
2671,197566.02489753853
2672,204284.49141938143
2673,200268.96117055867
2674,204654.1955574159
2675,173454.55099089444
2676,208067.42631661173
2677,202332.76154592232
2678,266832.84165507875
2679,277422.57183070044
2680,271928.59011599823
2681,400145.1712390467
2682,328352.24958358775
2683,548802.1578944494
2684,308596.5306762983
2685,342459.87508758646
2686,250056.39326606775
2687,297731.73890551936
2688,222359.9931609586
2689,207473.2729571688
2690,421255.44261650596
2691,184244.62167759915
2692,138927.28315967938
2693,207331.0459478729
2694,143210.0283885488
2695,200274.83427046225
2696,192854.73511539446
2697,182447.21028667226
2698,213253.12955440336
2699,167585.47976576176
2700,151492.25586461453
2701,172580.13927332184
2702,125720.16605691833
2703,150872.2574673724
2704,137537.7269712597
2705,115444.70970785804
2706,120298.54714525104
2707,140198.0552292117
2708,124010.29098664848
2709,104145.175007944
2710,126270.29231827465
2711,189186.57789100514
2712,374139.499325295
2713,172874.04188577636
2714,160357.83334352358
2715,156228.4616218055
2716,155821.49011599232
2717,195965.96346174367
2718,230320.6944418338
2719,163068.7360866366
2720,199853.23293651885
2721,136493.5784473947
2722,170790.89125758852
2723,155697.63157279135
2724,130114.19329599685
2725,131265.5625675651
2726,143703.79140793727
2727,164761.88230922833
2728,196396.3493823457
2729,150379.48803741907
2730,145140.85792198524
2731,143748.50156553823
2732,124478.73968563351
2733,157402.6537156645
2734,148086.7282886606
2735,133172.0329844085
2736,130669.11381512601
2737,113778.63097892447
2738,138293.40804385146
2739,161797.065233833
2740,138467.73339737856
2741,139951.65454131324
2742,165624.26166600312
2743,151814.85084457527
2744,167027.5398077835
2745,144632.63949162627
2746,127182.49936170204
2747,154472.21885853037
2748,125761.94962613602
2749,131920.98276880998
2750,122302.74012099738
2751,131346.4886641172
2752,212095.84885883928
2753,137933.9705685898
2754,208443.65356148483
2755,138431.64607140142
2756,93760.81582909671
2757,73462.70469724026
2758,104311.73991294717
2759,150627.39503828928
2760,111939.35397443037
2761,141074.59969371933
2762,137711.41988341807
2763,194779.26556288855
2764,176197.9876414861
2765,304784.8915877186
2766,126600.747132559
2767,84701.24819036173
2768,113629.44800540454
2769,121636.98877221814
2770,153428.1633110638
2771,117145.79080673307
2772,108291.99571443275
2773,163519.02948871822
2774,135083.29148501155
2775,111580.14838287537
2776,146696.476235873
2777,166749.62956692156
2778,114456.863942864
2779,115144.90477880358
2780,92215.18758848702
2781,103264.59102890587
2782,99119.00374152449
2783,91716.21681175048
2784,129742.5168934993
2785,145707.03377707387
2786,80433.19578550983
2787,132217.04017078844
2788,80457.3960135061
2789,174569.01537172735
2790,97447.46612709961
2791,116861.43232414646
2792,69490.7467408823
2793,137916.1884699635
2794,92246.11615664592
2795,119629.83574201266
2796,94389.68693501536
2797,212615.385912516
2798,108768.22672474281
2799,118169.9299242185
2800,70616.02105965314
2801,110451.58826387986
2802,126675.81486803254
2803,162606.72372520092
2804,128118.04972119017
2805,106477.10756320973
2806,89359.5735056829
2807,163867.7230626251
2808,155451.49768796487
2809,126043.80185896947
2810,123341.07451955971
2811,170213.31071788486
2812,169881.41823184185
2813,168690.2150740529
2814,155739.73298428374
2815,98874.87856926867
2816,233757.915151492
2817,159668.0389226244
2818,138446.4413150286
2819,184156.2386297628
2820,130058.25736305851
2821,109903.8944195887
2822,202234.21890893576
2823,320862.11767976993
2824,177688.46981543856
2825,166805.85466150602
2826,139946.90812152167
2827,138818.1275370692
2828,211877.05365586214
2829,250630.72919495247
2830,220450.79040462433
2831,176103.04113152693
2832,231307.77753790928
2833,283071.09660568746
2834,214970.33929076945
2835,219871.08349095442
2836,195977.071971302
2837,149647.92572489567
2838,141838.57871159236
2839,180500.68989770854
2840,200670.81772562815
2841,201178.72424659054
2842,229075.70743068738
2843,153759.43553541
2844,173341.35787938323
2845,124524.5194331851
2846,208453.46896550464
2847,199819.03581994123
2848,217341.63419042196
2849,198350.83080211433
2850,290427.15696420876
2851,225693.841275116
2852,240862.2398616495
2853,230235.10102813854
2854,147605.47615657691
2855,205402.10092852093
2856,198825.00182184993
2857,192133.91753457754
2858,211497.26407261516
2859,109408.81276859369
2860,123988.60578484644
2861,120377.58386476
2862,211072.14174797593
2863,126362.1397171702
2864,245917.0383601297
2865,145057.1305023114
2866,157536.12215180817
2867,108446.7300638009
2868,100519.87597770341
2869,96942.9595394456
2870,119055.56892092065
2871,77293.82608588785
2872,54621.53219085075
2873,92762.66505814945
2874,139628.80667401402
2875,112913.21146990999
2876,186005.262884482
2877,138028.70729366445
2878,139330.42835823013
2879,127148.66349667229
2880,101867.65259339668
2881,122554.19263072251
2882,150742.53893360318
2883,179169.399003975
2884,197714.9402994343
2885,168907.77981419928
2886,214781.75916700065
2887,96082.74489848492
2888,151892.1302699815
2889,64322.87889566113
2890,89182.90970602247
2891,137970.6025037039
2892,62470.38920929949
2893,89074.82049663858
2894,60538.57418188289
2895,297784.7161868443
2896,263063.4022570486
2897,211787.62192241632
2898,160186.01291042689
2899,218019.04894572683
2900,158015.50245065306
2901,213654.6642643294
2902,199852.26804736265
2903,334369.6718781775
2904,351747.6728967666
2905,82055.40715196876
2906,211825.74858227067
2907,117496.02448428837
2908,138212.3949564145
2909,161456.98325724818
2910,89649.31919720047
2911,88629.94588518348
2912,152094.07677070925
2913,86066.14542602604
2914,85885.43103670434
2915,95182.93742981124
2916,86068.60786203368
2917,154887.69532730564
2918,116027.57410717798
2919,240830.11200569652
=======
1461,113973.31277308163
1462,157676.43280531265
1463,164522.74683024772
1464,193242.16368397695
1465,184956.24647660574
1466,169957.24687401412
1467,188229.1004720312
1468,165957.65948844294
1469,189938.5165634512
1470,117023.33305403366
1471,188562.98231307123
1472,105952.39299223905
1473,98387.89686508189
1474,148443.84580822007
1475,119177.73091161223
1476,341819.40733417036
1477,236742.66895552506
1478,289528.26463687565
1479,278414.7993639081
1480,461315.2351033562
1481,300847.22087028314
1482,202632.66332047465
1483,172807.24265075917
1484,166383.84464337231
1485,198722.0318602524
1486,199543.9210596017
1487,307978.4734078492
1488,231101.4494906453
1489,181604.7254043186
1490,225082.91895132815
1491,198208.15861926397
1492,89154.80431595237
1493,200489.42788193867
1494,291048.8834683773
1495,272531.540571055
1496,221535.7762305725
1497,170451.67500268342
1498,164348.30543200774
1499,162657.25688705832
1500,159668.45767189277
1501,166132.15537169762
1502,155269.32058231745
1503,286369.45305902296
1504,244971.20215716222
1505,223135.64005408937
1506,197549.42155884468
1507,238776.28528753124
1508,194998.41940705903
1509,155206.79827168086
1510,135446.87717564657
1511,147893.23196140648
1512,174119.7783031221
1513,153988.02048901567
1514,142269.27606066526
1515,184850.23402267773
1516,151108.8801295822
1517,159741.11777573053
1518,132404.0262553904
1519,205497.83884198032
1520,126455.50863308337
1521,119692.42984901275
1522,180907.55914198325
1523,102438.4020639965
1524,120294.11591238879
1525,109194.19127434897
1526,100204.63068458787
1527,102026.05039373979
1528,148322.13836875852
1529,136533.7991909288
1530,197399.0541771604
1531,119751.05234624151
1532,106489.96018314568
1533,158639.1337323446
1534,132026.32828578833
1535,146535.83478719648
1536,113935.98237014395
1537,59340.83008875678
1538,136917.4386077346
1539,198706.0538462205
1540,87644.4778252539
1541,134724.51215794578
1542,132412.3919914949
1543,163039.13252615713
1544,90731.55728123403
1545,108878.8011686579
1546,140275.42447135117
1547,130620.36661390655
1548,128490.80109670646
1549,114619.1635471702
1550,127286.54947929982
1551,123509.30184692166
1552,128186.83477585853
1553,133843.9526595025
1554,120685.50277079496
1555,153568.42162268076
1556,85510.78062352643
1557,88355.85958910562
1558,107113.34250957202
1559,73784.05024887454
1560,133820.81111802792
1561,116475.72635693752
1562,137426.60772193168
1563,117527.2706646881
1564,154789.45094631033
1565,133487.94779711543
1566,229203.50387745953
1567,80064.10159399144
1568,231852.62174184105
1569,120587.88364056541
1570,149079.5340259085
1571,115271.82090295019
1572,140830.2007788099
1573,224576.2159924789
1574,113477.36275434287
1575,218887.37160068264
1576,254793.60801730532
1577,180565.9319208863
1578,139786.017192766
1579,129262.39517729612
1580,196906.92201528756
1581,160345.6280743647
1582,128213.17459657723
1583,295871.1853116957
1584,219043.85820733762
1585,144906.1438065794
1586,70765.98201809153
1587,103055.03782611083
1588,145950.63081366054
1589,92641.45146113167
1590,138697.71476976044
1591,89835.50074288082
1592,117457.6802969107
1593,134815.5016962266
1594,127963.58034903702
1595,101540.18507648617
1596,199008.75275185955
1597,159089.1524289076
1598,198524.0496945041
1599,176684.56715949785
1600,175297.07132245053
1601,68237.54783225288
1602,117815.66500320849
1603,77312.20150679011
1604,255655.03671826093
1605,249686.94339539672
1606,168775.94379460815
1607,182185.32755783864
1608,227766.9660368219
1609,182792.11355152613
1610,148890.0828792323
1611,132169.55106347075
1612,169894.95694074818
1613,168200.0943241931
1614,139979.18528206425
1615,98690.61459764457
1616,82269.41996210467
1617,96704.74139069853
1618,120897.86096145172
1619,146423.66849426826
1620,152808.7852835081
1621,129499.12281720602
1622,153916.18825659005
1623,267238.747558946
1624,206596.18807379386
1625,114934.83469888128
1626,174106.24538613926
1627,185057.00303988985
1628,280566.56544557854
1629,170816.63839283583
1630,309552.5202430807
1631,216001.80286467625
1632,217599.55834871714
1633,178066.11557786583
1634,185049.8224431401
1635,185462.17030582853
1636,160289.2015355605
1637,195535.46009346397
1638,193670.82714336723
1639,179575.99678575495
1640,261036.08695317843
1641,176591.60041973254
1642,237925.74826170265
1643,224242.82151563882
1644,228656.0123014465
1645,243526.18166284295
1646,167505.7770536955
1647,164056.75183757197
1648,131065.58248095901
1649,149052.8965009359
1650,110246.30205042141
1651,120191.25395597504
1652,110831.31670993494
1653,111405.52328861944
1654,141975.2575188245
1655,147390.854791968
1656,141109.0209510832
1657,144982.71499162514
1658,144296.96354831904
1659,123040.592383005
1660,148707.65308270775
1661,445638.3226180977
1662,357338.3846787576
1663,354708.450516484
1664,486343.7036880944
1665,293898.34669659886
1666,304793.68437547155
1667,351868.163329966
1668,336564.6657824387
1669,296122.6311972799
1670,331910.9780222944
1671,254183.99044722403
1672,411461.55831303116
1673,289980.51685331645
1674,242326.867061445
1675,185122.84367870382
1676,189090.5606687818
1677,201654.93173199246
1678,419999.04063655325
1679,348833.2737769159
1680,294883.98620525276
1681,231117.5940960096
1682,289395.10351191385
1683,177801.20564693122
1684,189568.999014615
1685,184634.1873686465
1686,174831.6939676652
1687,181992.9290452314
1688,197203.70653590863
1689,204031.3678170515
1690,214403.3953809684
1691,202705.010820878
1692,275930.7912063259
1693,180270.97573283917
1694,185103.81059156786
1695,167732.48139918962
1696,277211.3586718137
1697,173951.37672928796
1698,328406.4863531192
1699,342234.0675094375
1700,239204.76067308921
1701,266152.64603123436
1702,246547.26759779736
1703,251536.17405216553
1704,276895.814158054
1705,249157.38891858744
1706,378042.5935585291
1707,205757.25812107231
1708,199912.07615357396
1709,273972.885802966
1710,219934.352345517
1711,273941.38681979966
1712,255006.13154683285
1713,263915.03390602156
1714,216824.31175647062
1715,206977.82321525257
1716,179563.55960641717
1717,182915.46837068154
1718,133625.2451689611
1719,203430.16266801182
1720,256893.63921368978
1721,172876.22638053613
1722,126739.51957240597
1723,161188.61059435716
1724,206003.23988260643
1725,234543.05218037768
1726,188086.15245624835
1727,146608.40838320507
1728,195013.19263584353
1729,161363.3434776212
1730,167947.10913784467
1731,129789.3737824084
1732,132684.8747857821
1733,111562.95750634429
1734,121423.08623439506
1735,147058.90990359389
1736,116796.6080630724
1737,310445.4788614566
1738,231595.58245070718
1739,258950.99263042517
1740,208085.93069160002
1741,185931.71626344303
1742,160836.98960648588
1743,177516.24643779694
1744,298574.3142947527
1745,199614.54707033426
1746,191619.89022323838
1747,214904.4634475313
1748,227347.9883366752
1749,152733.8798175247
1750,126538.79411558568
1751,268103.0173488196
1752,116564.63885036384
1753,145184.59596732922
1754,196046.64588408108
1755,168327.75818353315
1756,133998.0922955756
1757,118192.43616564064
1758,147544.7382483418
1759,158015.5966358561
1760,163454.56874760622
1761,140248.8302493541
1762,171487.09069116236
1763,180023.94459101834
1764,109074.07718330332
1765,162624.39352131478
1766,190764.43946376507
1767,235120.3210660303
1768,138040.03662906098
1769,180919.604143229
1770,165071.51300317282
1771,107572.0916130649
1772,130502.52185594286
1773,123922.11780060468
1774,137821.3236007934
1775,144835.73368816086
1776,125781.23845712173
1777,109328.87739786756
1778,140744.9164218998
1779,121022.5192356077
1780,187250.2162302016
1781,122211.54868922746
1782,88819.33615408944
1783,143945.87547908069
1784,104059.40895353004
1785,114355.34659550489
1786,133190.100486396
1787,173887.93387925497
1788,70925.53184362825
1789,94718.42985639856
1790,74784.49347177107
1791,198640.33127588112
1792,156725.0854367017
1793,134925.79645086077
1794,158328.75219427695
1795,126291.29259627928
1796,139798.06571963846
1797,117930.20013809486
1798,116358.93482502652
1799,105143.35452250666
1800,125251.9354666651
1801,120798.78121434397
1802,137053.28825811786
1803,146543.0145379399
1804,138469.4748714391
1805,142945.9791650287
1806,130718.22982436887
1807,134605.20313926486
1808,122654.2588910097
1809,116994.11064120942
1810,135677.99537956386
1811,98181.31060821236
1812,91342.68057883064
1813,118685.5678932171
1814,97539.63642296992
1815,58973.62620102649
1816,111507.8913866183
1817,105332.80998060001
1818,146041.12386559765
1819,129352.83373517
1820,76686.34769176078
1821,125026.57110401508
1822,153980.0262571164
1823,57378.98379355023
1824,125029.79050621536
1825,133644.72038924295
1826,104638.57761478795
1827,94498.75604177115
1828,129705.65741178933
1829,132866.84406190552
1830,139513.23717679796
1831,134021.1446687456
1832,75308.54683656852
1833,149784.31762265784
1834,134962.25695791567
1835,108984.60938055604
1836,119795.00057332602
1837,82630.14982688458
1838,118026.00549748594
1839,119300.65823296664
1840,132996.7483929167
1841,123963.11167657998
1842,92241.26673360483
1843,119883.38130438895
1844,143099.7425265782
1845,133400.6371894769
1846,154554.0567866225
1847,157728.51742696116
1848,58442.626484741595
1849,116530.94663105547
1850,114215.62557003341
1851,146348.56066620766
1852,128440.46261224007
1853,123337.21490566616
1854,167913.98770149198
1855,143607.08550901577
1856,224594.0600329808
1857,132386.18374844786
1858,138483.53126717987
1859,122498.8124034089
1860,145543.15555215758
1861,122567.5247229996
1862,357734.17034664744
1863,355297.05455675203
1864,355297.05455675203
1865,324701.2262981618
1866,330573.1714998135
1867,235136.77445668576
1868,293888.6244971892
1869,211953.0681055006
1870,230357.8323323582
1871,251280.97648546533
1872,181547.21288221955
1873,227078.06261067183
1874,148092.47459254833
1875,194829.19413767537
1876,190875.19759423597
1877,207062.7555135975
1878,204235.75524808664
1879,120594.98525535062
1880,132983.23306123147
1881,241767.66899807198
1882,251309.16585880655
1883,183564.20201753682
1884,198671.0109448932
1885,227873.49488644785
1886,277344.30271159695
1887,220392.77201848623
1888,279949.2423089356
1889,169353.15907152122
1890,114834.41293843977
1891,143132.84069310184
1892,97410.32280144616
1893,120023.2749624456
1894,121108.50659532554
1895,123585.97656995979
1896,121123.76064599771
1897,111707.73619276712
1898,121134.2583968602
1899,152626.89411073588
1900,144791.09962357
1901,147152.5986071362
1902,119011.56565018147
1903,207859.57607103215
1904,123038.32624409812
1905,189577.1685501657
1906,138534.68448703783
1907,191711.39824168076
1908,117712.65604031083
1909,144289.39501741738
1910,130146.8401636919
1911,188692.7508212701
1912,277264.75009157835
1913,146260.4575796168
1914,75824.95911237744
1915,271848.64649022464
1916,31016.766599427938
1917,242967.4165609468
1918,144268.36002688055
1919,183231.10013940895
1920,149540.97130954286
1921,360030.1337519385
1922,299994.42266740266
1923,228672.17689049858
1924,222567.63048502035
1925,197579.5441074313
1926,353797.8583182549
1927,133963.23371381112
1928,161073.5904412006
1929,122405.2202989601
1930,127376.96466327639
1931,144252.6846755596
1932,139122.36590905514
1933,167975.44120662237
1934,174705.51188189676
1935,168544.12209025968
1936,180539.0811610231
1937,179537.43577245768
1938,175438.9577279967
1939,222232.88629881717
1940,182425.32070648184
1941,168660.0333249775
1942,188654.89713592792
1943,202558.49438962043
1944,324498.1334116374
1945,339958.6927434085
1946,82417.50749283502
1947,245785.56322205375
1948,168110.93052613
1949,249881.3853148276
1950,197638.11840746106
1951,252618.78721786736
1952,212643.8638801018
1953,181066.20331816556
1954,182047.68553945408
1955,129097.20421241893
1956,368783.7531902353
1957,150693.3090914026
1958,314564.6832442149
1959,140557.1843871497
1960,109300.37112761155
1961,121460.65435605517
1962,106610.96505064295
1963,115112.92656480303
1964,108006.31734562173
1965,147109.4251217849
1966,145850.0308971745
1967,276338.6115004963
1968,390319.55377565854
1969,346749.8682555898
1970,358110.2227026982
1971,488458.09155073576
1972,356366.9144020633
1973,282887.02784778416
1974,319530.78943140944
1975,641141.0829385786
1976,265571.20042721357
1977,330217.4343954053
1978,322628.6174797782
1979,305184.87472110643
1980,183164.52394793968
1981,308696.59102413914
1982,210169.72068357395
1983,196146.61616531422
1984,170896.22554285434
1985,222915.912937831
1986,216146.84720452168
1987,189729.55024610096
1988,182888.70427131507
1989,203466.78479942007
1990,220247.70095237382
1991,217909.8922271394
1992,215757.39785223312
1993,187525.83992200796
1994,228826.86134711595
1995,184186.78911590623
1996,244914.4819705612
1997,301919.5753458006
1998,283650.5137569856
1999,270990.02067464584
2000,315340.91560961166
2001,300772.0236657397
2002,248111.4811855646
2003,259992.25537102405
2004,292605.07850557414
2005,228584.89350837088
2006,219053.71577781605
2007,257774.38243308692
2008,219190.14831073378
2009,195303.85171057653
2010,201904.25266486334
2011,144915.7227101308
2012,180387.28539203227
2013,174900.29739691224
2014,189327.46201039758
2015,194313.05205186002
2016,192267.94276794916
2017,199200.01106838396
2018,119744.25737385776
2019,141012.94331772998
2020,102781.41022999166
2021,97393.2831909372
2022,182489.43099239375
2023,139647.51709864291
2024,295022.2754870224
2025,365426.29965542635
2026,177641.05970734215
2027,161364.79581187715
2028,148314.3675548569
2029,169130.4538920952
2030,260900.82074930507
2031,232814.32341781474
2032,243193.55751162814
2033,246267.3025413358
2034,179095.55557778318
2035,211926.47636793382
2036,214833.95946740368
2037,218695.30318252766
2038,335307.15766578366
2039,205827.08976227
2040,300007.52981512906
2041,293201.3717376501
2042,203167.28332163327
2043,184380.46285929388
2044,177263.20599652402
2045,213710.97254311034
2046,145482.7806534001
2047,139783.384319622
2048,149677.1586695166
2049,145289.7509594324
2050,175778.3445223149
2051,115550.19697568203
2052,120912.38939978564
2053,154058.50883961283
2054,102363.61422374845
2055,142827.44274950834
2056,157403.46056877493
2057,114675.45167571465
2058,204379.31859272317
2059,130690.30816666961
2060,176464.14815581928
2061,178094.38191027817
2062,119452.2600125612
2063,118727.0303602802
2064,124327.29457506911
2065,113553.38668696008
2066,160800.90934815852
2067,118647.20325073194
2068,143612.12726607212
2069,83703.65977207317
2070,111500.94606490755
2071,96958.63736278797
2072,139968.93987682115
2073,137743.37029231057
2074,192763.22137271304
2075,141620.3215713003
2076,114637.16700196732
2077,150570.5381570821
2078,119482.55932326996
2079,142782.88289784305
2080,123364.50680592116
2081,124042.26398933052
2082,108889.34101956754
2083,135716.17994293966
2084,110381.74638745692
2085,118222.99375004065
2086,115457.58496484003
2087,127874.55517043296
2088,94740.24177594716
2089,91038.07394912872
2090,129043.44377927894
2091,99019.46829071923
2092,123972.22983656818
2093,110153.60754244133
2094,116073.15153908402
2095,145422.82952396665
2096,88625.05941504858
2097,101660.24942439666
2098,138959.92151131568
2099,59143.72011737412
2100,71231.55033931935
2101,106730.10983201208
2102,142850.43034338823
2103,100619.56420596418
2104,139497.38835945842
2105,124612.60130762143
2106,58909.14771306127
2107,191866.959248303
2108,116637.96870834674
2109,105699.8104051366
2110,112028.39605113516
2111,158710.1523914512
2112,122617.16207465145
2113,121406.79585088465
2114,127169.9008169628
2115,156260.24671606306
2116,112729.01465129526
2117,134905.85311074718
2118,125676.1865219769
2119,119586.32588840132
2120,129469.00752739723
2121,-1.0
2122,111977.72549847722
2123,88070.80349822689
2124,153733.87693187007
2125,132979.39670123003
2126,143446.52671402917
2127,153291.43200478432
2128,129159.34740427833
2129,89919.24399415813
2130,121121.13274071268
2131,148462.42777598256
2132,111237.37066336437
2133,126553.645892895
2134,130188.41103516628
2135,108182.13327706208
2136,66564.79020641508
2137,100354.71201553952
2138,139165.80827519431
2139,157870.8249464713
2140,139688.05107668493
2141,176286.83830391732
2142,124499.28617231031
2143,146032.09727846217
2144,115864.24707574991
2145,145572.48904685237
2146,164836.61462887342
2147,137392.34768586504
2148,143028.02766885224
2149,162512.6011824047
2150,222575.27190370837
2151,126842.799017167
2152,162451.10313058988
2153,183006.8883004885
2154,100247.7450847249
2155,137342.42670687076
2156,261901.19869952026
2157,234745.07901028442
2158,235739.2640412111
2159,219346.89059949285
2160,189870.57840947754
2161,253601.5422630959
2162,371758.6551810707
2163,369834.32552908483
2164,255871.25272504974
2165,196985.19739642538
2166,157138.4724505116
2167,213647.86395198767
2168,193746.8344976226
2169,190175.72078316953
2170,207102.75967497184
2171,164862.27975514918
2172,131209.62437330815
2173,170938.47321918362
2174,219291.4631945471
2175,291380.9906499194
2176,292814.72079782735
2177,231575.81563404182
2178,216949.4631272382
2179,141360.31561294146
2180,190511.93133854168
2181,192695.92679347485
2182,222015.66258974877
2183,193456.0134596367
2184,115974.60393688537
2185,132246.18661572592
2186,153759.58217285818
2187,170397.1867012094
2188,162318.89822479722
2189,306414.22027818067
2190,73610.56261123224
2191,77967.64108022931
2192,85790.02577972643
2193,106355.57631214151
2194,110462.78734347048
2195,104410.81965702152
2196,103218.00736498562
2197,117336.84779141334
2198,164587.5209080232
2199,196867.25621263267
2200,131680.31456825376
2201,130562.43094638111
2202,203855.87098321487
2203,121586.06685553005
2204,148629.68160204252
2205,103573.64511636973
2206,123482.03679524043
2207,192417.1655934552
2208,240395.873780506
2209,187649.9397137824
2210,124483.72573697664
2211,117907.49082687324
2212,131457.251932691
2213,111765.03274885479
2214,138991.1674298003
2215,104741.7822993487
2216,143364.9303041472
2217,69531.02309032906
2218,97572.08905670428
2219,89041.36736571655
2220,77932.96604422262
2221,274055.9043587587
2222,247789.60800163634
2223,292906.20718748245
2224,222716.79168071388
2225,119706.58510615189
2226,177428.34132636437
2227,206723.32153759873
2228,268879.0363146391
2229,249799.00445511995
2230,146204.82204916433
2231,213453.19179415677
2232,186799.4628893615
2233,176200.02509521114
2234,255410.60960464316
2235,222078.95288775876
2236,261655.83721531933
2237,317842.68379280105
2238,202289.47066297467
2239,116961.52126629576
2240,157335.44611754364
2241,150793.4656146308
2242,127274.8889032984
2243,136211.64221571153
2244,112937.89385267007
2245,106870.98647793356
2246,138556.4278490856
2247,130767.52797777698
2248,124494.2104517716
2249,125807.97633391152
2250,131786.26126710206
2251,95486.44250695454
2252,174850.0564530643
2253,154683.01686279758
2254,176544.67238503456
2255,185368.55155763548
2256,176984.63670282275
2257,208366.30199083601
2258,172965.98970033287
2259,178369.3075519486
2260,129488.10854544211
2261,188456.63244283595
2262,187505.14038881872
2263,357297.85481467587
2264,513710.7753324517
2265,155591.2778473955
2266,256108.8542674549
2267,305776.65703873977
2268,402662.54220116185
2269,161312.15464187867
2270,202261.47519761292
2271,216050.51361240423
2272,239907.00105199777
2273,168425.96144392953
2274,177441.79401589104
2275,160360.9110913366
2276,203365.15643555744
2277,187372.75991061504
2278,146587.183856135
2279,124012.08717035057
2280,113774.39243631948
2281,166440.75989791282
2282,178018.0953909985
2283,117948.97675222869
2284,122087.64501659162
2285,140429.54610867595
2286,122974.91328691917
2287,348120.16780419473
2288,264640.97617732943
2289,327417.65926713345
2290,408867.46302719024
2291,314969.0149869502
2292,423467.24139419047
2293,443054.5953845842
2294,364317.86354491685
2295,472539.70300243207
2296,250294.62227773143
2297,329949.1128171676
2298,324644.23447463557
2299,354302.6443624632
2300,304857.49418620806
2301,310866.69453428034
2302,243049.25390100837
2303,246712.33772502837
2304,239687.35922485794
2305,191592.28645800592
2306,186313.05503981322
2307,198780.67234838702
2308,215772.94639747366
2309,265948.19013315684
2310,203626.64115033732
2311,201278.64812437593
2312,184254.69235037584
2313,179955.77702877703
2314,184074.91978462503
2315,187346.31513264266
2316,210565.2488527704
2317,189953.31404940956
2318,185031.9107710763
2319,190556.90425007613
2320,191855.7635140561
2321,240576.19730768705
2322,197369.87675264242
2323,187711.62320964155
2324,200036.40796659552
2325,222608.00296204112
2326,186225.04504702153
2327,207165.7624538037
2328,229000.0902097467
2329,193062.67850489946
2330,185155.54102184516
2331,339069.10969195695
2332,382655.967580759
2333,317761.3445446569
2334,241109.96053020473
2335,275578.4788064421
2336,281803.736417151
2337,198515.1987965416
2338,266862.17123189213
2339,225711.23597727035
2340,385969.3584360291
2341,221479.1884540215
2342,240948.88297192
2343,230294.40635723522
2344,218111.67103856645
2345,230386.02268405803
2346,214381.4796623516
2347,194588.470597575
2348,242919.8042588538
2349,173204.9773699255
2350,314483.2831198228
2351,244483.83751490258
2352,254334.071188396
2353,239987.62161611672
2354,136668.88532653794
2355,143813.44558111354
2356,157190.53864980585
2357,197890.51728048603
2358,195230.92234619943
2359,129494.96244608292
2360,122142.1986933805
2361,142721.29658653087
2362,262171.72931144625
2363,146107.6087626103
2364,170291.0028776463
2365,227939.65067007946
2366,206126.61745559864
2367,229530.67417841175
2368,209747.29179296698
2369,213601.73196781336
2370,171592.7111618405
2371,157648.48471636113
2372,197159.13920457423
2373,309297.3767002772
2374,308592.5392374872
2375,230605.60800268356
2376,279440.47161604004
2377,334299.28636797715
2378,158113.76812971328
2379,204652.51218510704
2380,166733.6283643127
2381,176562.730677159
2382,228803.32129295738
2383,203962.4128709433
2384,248475.16390809705
2385,175483.53127834323
2386,136370.6706833637
2387,130250.97856726448
2388,113017.41627656778
2389,117904.66564744842
2390,146025.20367447232
2391,139289.9151287321
2392,113210.91706309588
2393,179534.68555307746
2394,133996.5108851846
2395,208361.16031544167
2396,149638.6672889475
2397,217050.40211781042
2398,131358.04465895373
2399,67040.8423753417
2400,70624.29243035287
2401,123568.14390431879
2402,138603.1963087957
2403,142097.5840458259
2404,156757.15843991848
2405,164809.64696999395
2406,145336.18465706086
2407,130310.96636378061
2408,160689.62343459792
2409,119034.47341735143
2410,183284.9509683832
2411,111435.05682231035
2412,145644.0646695343
2413,122044.29604839634
2414,141208.10144956686
2415,132664.43238557453
2416,122831.33775673779
2417,133501.42689246533
2418,128847.09477210915
2419,122245.46972780874
2420,120623.54688231257
2421,107570.65536692839
2422,103212.58730256703
2423,111678.86927623214
2424,158874.07337081808
2425,188852.40234620095
2426,121282.05260698954
2427,115418.79151203098
2428,177218.8247533726
2429,116202.83620697794
2430,134449.00278091885
2431,107707.12020749407
2432,140395.00607607988
2433,137327.10279667322
2434,128023.5448415725
2435,141519.74558311267
2436,120115.77609408138
2437,108229.69288195737
2438,126050.06773631167
2439,110656.55098836997
2440,124163.07431713167
2441,102808.38790858888
2442,100715.58723476154
2443,138708.2309038654
2444,134499.96446101106
2445,96486.73517644295
2446,135947.15803130413
2447,192445.74850507086
2448,134696.70621559172
2449,119145.25765022723
2450,147697.67311712375
2451,119567.33851026245
2452,179129.16358845154
2453,101659.57682404648
2454,121576.34156392251
2455,116591.82897178961
2456,138237.9108938855
2457,129062.46662732714
2458,131409.67541646922
2459,110299.57490892161
2460,148693.92380425445
2461,129771.6128911952
2462,131300.88529233926
2463,129587.38658624908
2464,166784.99667764275
2465,138089.19877798046
2466,119718.74398186807
2467,153883.45826519426
2468,84252.69145099682
2469,75894.31664126282
2470,199491.50005774517
2471,211340.96617620252
2472,144752.3289597468
2473,106204.78785279563
2474,72580.77814927361
2475,224952.84772438282
2476,108780.18231242377
2477,118646.89208384362
2478,146782.6984474959
2479,100406.93358374461
2480,148309.4435979621
2481,124459.02002892952
2482,133535.6638648612
2483,108439.08989861826
2484,123880.73874825361
2485,130640.97682923249
2486,138956.89007019237
2487,172654.65118273703
2488,180649.99684425624
2489,150750.9042147529
2490,145665.52598501107
2491,106266.56478795435
2492,196744.21400006942
2493,156477.99885016086
2494,139688.74214604462
2495,86011.49235849064
2496,240458.52732724897
2497,155006.881225706
2498,107362.60252324202
2499,88175.55104014282
2500,118026.04067227987
2501,143115.17316775222
2502,138776.18335260203
2503,93730.13362960999
2504,142808.61270709382
2505,220526.93642646327
2506,264359.54619705095
2507,295572.57552497723
2508,267062.18814838934
2509,222578.38957175426
2510,224166.3143726167
2511,178403.95962390347
2512,200051.08591336408
2513,234310.58361784724
2514,294025.7284534845
2515,143003.8437371664
2516,180815.4311721108
2517,141911.34660299355
2518,154726.24572715693
2519,217340.29986757578
2520,214842.09089880297
2521,190154.45673184318
2522,224986.66598408204
2523,120566.71066034674
2524,134929.12598914304
2525,143160.10124505303
2526,134453.30628437127
2527,119631.98918854177
2528,129192.75576140349
2529,133578.5639902317
2530,126829.42523386814
2531,242934.8051817489
2532,224971.16419989188
2533,198325.3900040104
2534,230765.89176699962
2535,284343.63109549606
2536,233900.18768891774
2537,227245.8498779872
2538,189442.4218686655
2539,196356.68109668474
2540,183867.0342588463
2541,188330.52862082046
2542,161894.0156267162
2543,114374.17440518372
2544,113771.38825294247
2545,131105.52441507022
2546,128412.09369269479
2547,149556.9271396912
2548,165684.03774955886
2549,155824.1928729857
2550,1111647.0859304208
2551,147355.18225331212
2552,135171.47778665225
2553,77666.39215838476
2554,87506.9522870047
2555,121917.21912655809
2556,100322.83479659233
2557,104425.26523590254
2558,135005.83266179534
2559,118332.46554696292
2560,141961.82825473245
2561,143354.51399191626
2562,120602.6048617692
2563,127789.40032075737
2564,187879.6943987909
2565,131391.5674927039
2566,131249.36768621719
2567,121850.81055834792
2568,178236.69453543477
2569,212875.49190455367
2570,124398.98260429861
2571,166512.90895501318
2572,158806.74865753955
2573,199718.37233426323
2574,324249.2051233052
2575,141069.17614712508
2576,118082.24931144743
2577,120479.26239576926
2578,98159.23888625402
2579,63056.521922728185
2580,103659.25177311168
2581,118582.91512332241
2582,134168.24278680593
2583,258445.9208703501
2584,184362.98960065035
2585,189074.5230925871
2586,216158.97083864166
2587,202512.47548652816
2588,143824.9068137444
2589,159071.43060107075
2590,215131.09083816828
2591,241125.97072686735
2592,213833.75334707162
2593,248708.061809818
2594,194514.9735919948
2595,214081.54273398637
2596,302925.0193444812
2597,190849.32780399703
2598,296992.9399473734
2599,341598.37926653353
2600,98585.46252488115
2601,146711.99739236894
2602,93452.41765815958
2603,102136.17498046161
2604,94520.02722510106
2605,93248.4794164993
2606,145026.0682535108
2607,235172.93672021164
2608,192376.2370273935
2609,182818.74364979213
2610,109247.38551201748
2611,102332.05651350813
2612,162168.61802568642
2613,138603.9894106378
2614,123394.84230854477
2615,167445.73296350875
2616,154634.48177965306
2617,175828.2024205246
2618,192945.93578684656
2619,195948.79381831674
2620,188425.3961971666
2621,174992.17557653724
2622,180705.79259404575
2623,234347.4848503978
2624,316116.61395123904
2625,278154.6303871304
2626,186525.61835512373
2627,161873.3955419914
2628,409789.8759152877
2629,486223.70650448045
2630,343900.1018064719
2631,472684.2992522427
2632,392328.5368781833
2633,265447.74447610235
2634,400720.9323765063
2635,164653.53744100715
2636,184247.93823968826
2637,186458.87870939003
2638,271042.23001297715
2639,182598.29060761115
2640,156914.86280196777
2641,106015.72925680233
2642,180747.89042490313
2643,113709.05748382788
2644,126566.98305227714
2645,123374.41190630633
2646,106540.25580977823
2647,116926.48073778144
2648,147327.32485272325
2649,157171.27645508156
2650,143483.77595440976
2651,146180.02255448813
2652,391409.3120315058
2653,244934.87636576957
2654,241041.46211693116
2655,377338.0757832727
2656,325093.4928322464
2657,334154.89500032703
2658,288585.19167225494
2659,300286.45612934337
2660,356834.1866458613
2661,327913.0486979927
2662,336565.9496810125
2663,285962.18620383955
2664,260463.83190962658
2665,297446.4449287472
2666,266491.0813646021
2667,186726.3368091801
2668,193807.87672303902
2669,187185.19212976145
2670,289021.8614409142
2671,197551.4586309749
2672,204293.62389661832
2673,200269.80870076455
2674,204659.97768080578
2675,173462.16048258852
2676,208044.60817375968
2677,202374.81924796145
2678,266854.39317211224
2679,277417.8095803413
2680,271966.79568408005
2681,400258.97849153215
2682,328420.22801792884
2683,548761.5320663529
2684,308591.72991978383
2685,342504.00923474936
2686,250043.12853983717
2687,297648.92865584535
2688,222348.60848287112
2689,207491.67502155743
2690,421284.11788842606
2691,184256.6692100968
2692,138909.58827909068
2693,207323.01343405878
2694,143207.48467048228
2695,200280.5762277225
2696,192855.41332734446
2697,182403.07497189054
2698,213220.960600325
2699,167572.4347275353
2700,151484.91489499898
2701,172602.4730083175
2702,125745.60928582995
2703,150876.38519467151
2704,137573.22046263612
2705,115457.60561044571
2706,120308.77975801838
2707,140248.63798003574
2708,123982.43499080633
2709,104124.7043691928
2710,126258.05505720251
2711,189236.6858301557
2712,374138.4735031696
2713,172857.9475441675
2714,160358.1869947716
2715,156266.15183776678
2716,155785.80140273768
2717,195924.093195015
2718,230342.22133245165
2719,163092.21088470725
2720,199889.9498342996
2721,136478.6176950803
2722,170692.39772519522
2723,155695.59918685985
2724,130100.73825149387
2725,131259.4207952382
2726,143719.65553960268
2727,164795.0597476814
2728,196421.7300513145
2729,150349.87596043808
2730,145157.10565137674
2731,143741.2531035646
2732,124492.39986469576
2733,157435.71931696832
2734,148126.55095997392
2735,133179.2088868524
2736,130686.5613222523
2737,113779.60077966917
2738,138333.76336217206
2739,161815.351132184
2740,138474.1629294058
2741,139926.63963419167
2742,165618.49649796964
2743,151822.28924714174
2744,166968.42350733728
2745,144658.16804180059
2746,127167.51314682147
2747,154484.4282491066
2748,125796.44370913767
2749,131891.6564312292
2750,122246.91974143148
2751,131321.79857001884
2752,212198.66552672215
2753,137938.08141230728
2754,208537.00557182665
2755,138419.94632354748
2756,93744.11846052924
2757,73440.28877433813
2758,104242.10824461518
2759,150636.35550047053
2760,111892.37177823868
2761,141078.66118374825
2762,137686.6494624184
2763,194803.40385039328
2764,176196.98992789438
2765,304873.50324190035
2766,126549.20299974806
2767,84712.93661552129
2768,113600.17929098423
2769,121620.597199175
2770,153409.61818784065
2771,117113.78743179992
2772,108258.52647343579
2773,163540.98994773248
2774,135097.33429458542
2775,111565.14528898407
2776,146682.20696513684
2777,166757.26297968297
2778,114437.64054047955
2779,115175.82091978657
2780,92196.1441371731
2781,103266.1113519883
2782,99109.20283318429
2783,91717.7365869934
2784,129744.36516924457
2785,145683.1957437479
2786,80432.66841955524
2787,132166.37627616656
2788,80472.99312234203
2789,174534.14067978825
2790,97455.19158031589
2791,116846.24146060251
2792,69487.84737975258
2793,137867.33444283984
2794,92225.02137472195
2795,119610.61331436828
2796,94371.67943204503
2797,212696.26722166568
2798,108671.51519815595
2799,118171.35977073795
2800,70610.34741747662
2801,110480.80305996374
2802,126702.31998873026
2803,162640.10700431882
2804,128133.15558975376
2805,106495.75547672567
2806,89366.17836826031
2807,163866.7560991123
2808,155433.97725386862
2809,126009.5028276494
2810,123335.28146830249
2811,170241.89316985718
2812,169842.06387939566
2813,168704.58396653
2814,155763.46181022108
2815,98854.74266151706
2816,233794.24161007203
2817,159669.08579785447
2818,138452.4737392661
2819,184048.94044348845
2820,130032.25154765722
2821,109901.57544591841
2822,202263.22329369994
2823,320858.29271613836
2824,177687.73902981804
2825,166783.05815099174
2826,139951.64619948523
2827,138765.87711647843
2828,211816.78441269742
2829,250696.408830899
2830,220447.1112491417
2831,176112.56182214094
2832,231359.47106697282
2833,283049.4163868467
2834,214938.833718792
2835,219929.93460008487
2836,195958.16101552386
2837,149632.7004502601
2838,141834.30935550662
2839,180494.1271861598
2840,200670.7459598065
2841,201175.03097672368
2842,229052.85171507363
2843,153729.32283289824
2844,173284.530811096
2845,124526.96139361493
2846,208455.5190765906
2847,199820.9414613887
2848,217330.1566908585
2849,198364.08448084944
2850,290461.2613747025
2851,225692.37496164747
2852,240875.76412823936
2853,230176.08536356626
2854,147582.67342022958
2855,205409.1407620055
2856,198775.67242404065
2857,192114.02620839787
2858,211496.79764081017
2859,109386.03612345723
2860,123959.41731320987
2861,120354.20958452803
2862,211075.65185932018
2863,126371.24602781296
2864,245953.83233426523
2865,145047.77568228694
2866,157602.4478959846
2867,108436.90524645796
2868,100486.58666388974
2869,96919.68729947097
2870,119068.24363109951
2871,77312.5286915222
2872,54603.032859279745
2873,92782.1905248492
2874,139606.9782398943
2875,112872.8374209943
2876,186004.7528906688
2877,138041.25436170108
2878,139306.54579965438
2879,127101.2674981362
2880,101838.45727595978
2881,122555.50751234606
2882,150725.83671591227
2883,179211.56618892547
2884,197639.95612867855
2885,168865.47036997747
2886,214878.65412937992
2887,96121.61070628652
2888,151888.86197862145
2889,64319.547234249556
2890,89196.63077735754
2891,137985.74325512632
2892,62495.271434387585
2893,89100.06995126825
2894,60512.198625652614
2895,297726.46831469133
2896,262961.64397026045
2897,211789.5533398164
2898,160194.7208227853
2899,218020.76429347426
2900,158036.65785697885
2901,213737.0875022908
2902,199881.76478911965
2903,334343.943179846
2904,351738.8254173555
2905,82054.07682625676
2906,211849.82746212315
2907,117480.32398140171
2908,138206.76016962747
2909,161470.3799278667
2910,89627.86196650988
2911,88587.3238113282
2912,152108.51891416623
2913,86056.0553043262
2914,85841.80068501404
2915,95148.56280535374
2916,86061.03609606493
2917,154893.4931856143
2918,115977.92898587824
2919,240821.70032601146
>>>>>>> 9c716af8edc107f29674525251227c7809679f39
